product_id,product_name,category,base_cost,base_price,min_price,max_price
P0001,Coffee Maker 001,Home & Kitchen,4229.63,6891.82,4441.11,9303.96
P0002,Yoga Mat 002,Sports,9953.76,19754.07,10451.45,26667.99
P0003,Winter Jacket 003,Fashion,4547.79,7842.3,4775.18,10587.11
P0004,Perfume 004,Beauty,700.47,1197.05,735.49,1616.02
P0005,Smart Watch 005,Electronics,10018.66,12814.46,10519.59,17299.52
P0006,Bluetooth Speaker 006,Electronics,4338.75,9062.3,4555.69,12234.1
P0007,Smart Watch 007,Electronics,9353.86,12670.04,9821.55,17104.55
P0008,Resistance Bands 008,Sports,4544.27,6573.11,4771.48,8873.7
P0009,Perfume 009,Beauty,10374.5,13424.0,10893.22,18122.4
P0010,Backpack 010,Fashion,2868.27,5145.68,3011.68,6946.67
P0011,Bluetooth Speaker 011,Electronics,11702.2,16862.82,12287.31,22764.81
P0012,Dumbbell Set 012,Sports,9423.18,13220.81,9894.34,17848.09
P0013,Backpack 013,Fashion,1636.58,2168.91,1718.41,2928.03
P0014,Bluetooth Speaker 014,Electronics,6919.59,9257.11,7265.57,12497.1
P0015,Wireless Headphones 015,Electronics,11828.8,20664.56,12420.24,27897.16
P0016,Smartphone 016,Electronics,5811.47,10663.91,6102.04,14396.28
P0017,Air Fryer 017,Home & Kitchen,2430.65,3859.32,2552.18,5210.08
P0018,Moisturizer 018,Beauty,5971.91,9900.9,6270.51,13366.22
P0019,Vacuum Cleaner 019,Home & Kitchen,6295.75,11540.57,6610.54,15579.77
P0020,Water Bottle 020,Home & Kitchen,8977.74,11354.8,9426.63,15328.98
P0021,Perfume 021,Beauty,8476.5,12923.79,8900.33,17447.12
P0022,Wireless Headphones 022,Electronics,5009.84,10406.1,5260.33,14048.24
P0023,Coffee Maker 023,Home & Kitchen,2850.87,4969.34,2993.41,6708.61
P0024,Air Fryer 024,Home & Kitchen,7847.13,11504.61,8239.49,15531.22
P0025,Face Serum 025,Beauty,5233.94,8863.52,5495.64,11965.75
P0026,Backpack 026,Fashion,1847.63,2847.67,1940.01,3844.35
P0027,Bluetooth Speaker 027,Electronics,10836.7,18448.49,11378.54,24905.46
P0028,Moisturizer 028,Beauty,8387.3,11380.56,8806.66,15363.76
P0029,Face Serum 029,Beauty,8293.25,11302.1,8707.91,15257.84
P0030,Wireless Mouse 030,Electronics,9924.23,13616.15,10420.44,18381.8
P0031,Sunscreen 031,Beauty,6497.04,13311.44,6821.89,17970.44
P0032,Wireless Headphones 032,Electronics,9836.14,18422.74,10327.95,24870.7
P0033,Bluetooth Speaker 033,Electronics,6127.66,8505.34,6434.04,11482.21
P0034,Yoga Mat 034,Sports,1085.95,1531.29,1140.25,2067.24
P0035,Dumbbell Set 035,Sports,5041.4,9433.49,5293.47,12735.21
P0036,Winter Jacket 036,Fashion,6120.34,8462.83,6426.36,11424.82
P0037,Vacuum Cleaner 037,Home & Kitchen,8726.37,12647.8,9162.69,17074.53
P0038,Wireless Headphones 038,Electronics,1546.97,3200.44,1624.32,4320.59
P0039,Running Shoes 039,Fashion,1938.22,2843.39,2035.13,3838.58
P0040,Mixer Grinder 040,Home & Kitchen,3385.1,6135.11,3554.36,8282.4
P0041,Wireless Headphones 041,Electronics,3418.03,7115.78,3588.93,9606.3
P0042,Perfume 042,Beauty,8866.56,13904.12,9309.89,18770.56
P0043,Bluetooth Speaker 043,Electronics,3233.55,4090.08,3395.23,5521.61
P0044,Cricket Bat 044,Sports,7707.25,11233.51,8092.61,15165.24
P0045,Water Bottle 045,Home & Kitchen,6083.0,11899.84,6387.15,16064.78
P0046,Running Shoes 046,Fashion,7007.54,13909.39,7357.92,18777.68
P0047,Water Bottle 047,Home & Kitchen,10105.85,19233.87,10611.14,25965.72
P0048,Perfume 048,Beauty,5031.26,6772.8,5282.82,9143.28
P0049,Moisturizer 049,Beauty,9319.66,17951.38,9785.64,24234.36
P0050,Smartphone 050,Electronics,5237.82,10637.36,5499.71,14360.44
P0051,Cricket Bat 051,Sports,4440.3,7817.23,4662.32,10553.26
P0052,Winter Jacket 052,Fashion,11515.94,23604.73,12091.74,31866.39
P0053,Resistance Bands 053,Sports,2457.14,4798.34,2580.0,6477.76
P0054,Yoga Mat 054,Sports,1356.94,2465.46,1424.79,3328.37
P0055,Face Serum 055,Beauty,9320.54,16223.4,9786.57,21901.59
P0056,Cricket Bat 056,Sports,1098.52,1698.63,1153.45,2293.15
P0057,Bluetooth Speaker 057,Electronics,10093.82,13983.92,10598.51,18878.29
P0058,Bluetooth Speaker 058,Electronics,5415.16,9553.48,5685.92,12897.2
P0059,Smart Watch 059,Electronics,11011.51,16741.84,11562.09,22601.48
P0060,Coffee Maker 060,Home & Kitchen,8741.93,17365.61,9179.03,23443.57
P0061,Coffee Maker 061,Home & Kitchen,7441.73,15585.49,7813.82,21040.41
P0062,Air Fryer 062,Home & Kitchen,11406.89,21554.04,11977.23,29097.95
P0063,Denim Jacket 063,Fashion,4940.8,6555.99,5187.84,8850.59
P0064,Air Fryer 064,Home & Kitchen,11462.82,17141.3,12035.96,23140.76
P0065,Air Fryer 065,Home & Kitchen,1879.51,2523.7,1973.49,3407.0
P0066,Moisturizer 066,Beauty,5959.93,10745.37,6257.93,14506.25
P0067,Wireless Mouse 067,Electronics,3457.96,6571.55,3630.86,8871.59
P0068,Backpack 068,Fashion,6616.16,13475.95,6946.97,18192.53
P0069,Smartphone 069,Electronics,2195.56,3562.18,2305.34,4808.94
P0070,Football 070,Sports,10145.9,20455.85,10653.2,27615.4
P0071,Winter Jacket 071,Fashion,10202.97,20367.25,10713.12,27495.79
P0072,Smart Watch 072,Electronics,11476.26,17439.51,12050.07,23543.34
P0073,Bluetooth Speaker 073,Electronics,2109.66,4195.2,2215.14,5663.52
P0074,Backpack 074,Fashion,7592.99,11915.84,7972.64,16086.38
P0075,Winter Jacket 075,Fashion,5848.58,8786.55,6141.01,11861.84
P0076,Winter Jacket 076,Fashion,4329.29,7800.14,4545.75,10530.19
P0077,Running Shoes 077,Fashion,4413.02,6748.05,4633.67,9109.87
P0078,Bluetooth Speaker 078,Electronics,5129.68,9159.95,5386.16,12365.93
P0079,Air Fryer 079,Home & Kitchen,8547.63,15115.26,8975.01,20405.6
P0080,Wireless Mouse 080,Electronics,7299.95,12621.05,7664.95,17038.42
P0081,Cricket Bat 081,Sports,5678.27,8933.94,5962.18,12060.82
P0082,Hair Dryer 082,Beauty,1188.42,2039.6,1247.84,2753.46
P0083,Air Fryer 083,Home & Kitchen,1209.85,2125.72,1270.34,2869.72
P0084,Smartphone 084,Electronics,327.37,561.06,343.74,757.43
P0085,Air Fryer 085,Home & Kitchen,11622.08,18917.92,12203.18,25539.19
P0086,Air Fryer 086,Home & Kitchen,361.47,456.34,379.54,616.06
P0087,Backpack 087,Fashion,1506.2,2634.35,1581.51,3556.37
P0088,Backpack 088,Fashion,3980.78,5545.93,4179.82,7487.01
P0089,Dumbbell Set 089,Sports,9746.93,17507.33,10234.28,23634.9
P0090,Hair Dryer 090,Beauty,11556.56,21904.8,12134.39,29571.48
P0091,Wireless Headphones 091,Electronics,9543.16,15988.41,10020.32,21584.35
P0092,Winter Jacket 092,Fashion,8379.55,14337.49,8798.53,19355.61
P0093,Denim Jacket 093,Fashion,6399.22,13174.44,6719.18,17785.49
P0094,Moisturizer 094,Beauty,1314.45,2589.59,1380.17,3495.95
P0095,Backpack 095,Fashion,11510.6,23333.15,12086.13,31499.75
P0096,Face Serum 096,Beauty,9173.19,17811.6,9631.85,24045.66
P0097,Perfume 097,Beauty,7775.71,10439.52,8164.5,14093.35
P0098,Water Bottle 098,Home & Kitchen,9180.72,12638.57,9639.76,17062.07
P0099,Smart Watch 099,Electronics,8772.01,14891.63,9210.61,20103.7
P0100,Smartphone 100,Electronics,7755.61,11316.67,8143.39,15277.5
P0101,Wireless Headphones 101,Electronics,11772.75,19486.15,12361.39,26306.3
P0102,Sneakers 102,Fashion,10869.36,17230.22,11412.83,23260.8
P0103,Coffee Maker 103,Home & Kitchen,7865.98,13505.9,8259.28,18232.96
P0104,Hair Dryer 104,Beauty,8410.15,15851.82,8830.66,21399.96
P0105,Football 105,Sports,903.67,1679.17,948.85,2266.88
P0106,Bluetooth Speaker 106,Electronics,8138.03,13778.08,8544.93,18600.41
P0107,Air Fryer 107,Home & Kitchen,816.74,1591.85,857.58,2149.0
P0108,Running Shoes 108,Fashion,7182.69,11608.9,7541.82,15672.02
P0109,Smartphone 109,Electronics,11992.44,24131.27,12592.06,32577.21
P0110,Bluetooth Speaker 110,Electronics,6802.94,8915.85,7143.09,12036.4
P0111,Vacuum Cleaner 111,Home & Kitchen,5836.56,12031.84,6128.39,16242.98
P0112,Wireless Mouse 112,Electronics,3960.4,7154.42,4158.42,9658.47
P0113,Cricket Bat 113,Sports,1710.11,2690.11,1795.62,3631.65
P0114,Backpack 114,Fashion,8852.98,12549.82,9295.63,16942.26
P0115,Winter Jacket 115,Fashion,2553.41,4231.78,2681.08,5712.9
P0116,Cricket Bat 116,Sports,1648.8,2333.67,1731.24,3150.45
P0117,Denim Jacket 117,Fashion,5234.62,7283.36,5496.35,9832.54
P0118,Smart Watch 118,Electronics,9605.5,17047.35,10085.78,23013.92
P0119,Yoga Mat 119,Sports,9017.26,15280.85,9468.12,20629.15
P0120,Sunscreen 120,Beauty,942.13,1714.28,989.24,2314.28
P0121,Backpack 121,Fashion,5625.18,11476.3,5906.44,15493.0
P0122,Cricket Bat 122,Sports,6412.48,10916.74,6733.1,14737.6
P0123,Water Bottle 123,Home & Kitchen,7841.2,13673.42,8233.26,18459.12
P0124,Smartphone 124,Electronics,7906.96,10486.07,8302.31,14156.19
P0125,Bluetooth Speaker 125,Electronics,4566.96,8494.5,4795.31,11467.58
P0126,Air Fryer 126,Home & Kitchen,6859.92,10906.72,7202.92,14724.07
P0127,Backpack 127,Fashion,5928.42,12332.4,6224.84,16648.74
P0128,Cricket Bat 128,Sports,10654.48,20773.02,11187.2,28043.58
P0129,Bluetooth Speaker 129,Electronics,6504.1,11018.65,6829.3,14875.18
P0130,Perfume 130,Beauty,5460.08,7396.98,5733.08,9985.92
P0131,Air Fryer 131,Home & Kitchen,5032.48,9966.84,5284.1,13455.23
P0132,Smart Watch 132,Electronics,6997.4,13503.68,7347.27,18229.97
P0133,Smartphone 133,Electronics,9706.53,13656.09,10191.86,18435.72
P0134,Water Bottle 134,Home & Kitchen,6599.3,9905.46,6929.26,13372.37
P0135,Resistance Bands 135,Sports,8041.37,15474.78,8443.44,20890.95
P0136,Coffee Maker 136,Home & Kitchen,8932.91,12572.57,9379.56,16972.97
P0137,Perfume 137,Beauty,6385.97,12964.09,6705.27,17501.52
P0138,Winter Jacket 138,Fashion,5293.76,8527.44,5558.45,11512.04
P0139,Mixer Grinder 139,Home & Kitchen,10556.98,13977.26,11084.83,18869.3
P0140,Dumbbell Set 140,Sports,5184.82,10076.11,5444.06,13602.75
P0141,Dumbbell Set 141,Sports,5704.73,8942.07,5989.97,12071.79
P0142,Coffee Maker 142,Home & Kitchen,11886.99,20178.45,12481.34,27240.91
P0143,Moisturizer 143,Beauty,302.78,407.38,317.92,549.96
P0144,Water Bottle 144,Home & Kitchen,2470.03,3092.96,2593.53,4175.5
P0145,Vacuum Cleaner 145,Home & Kitchen,4792.38,8589.32,5032.0,11595.58
P0146,Wireless Headphones 146,Electronics,11211.3,18923.54,11771.86,25546.78
P0147,Moisturizer 147,Beauty,1119.35,1963.91,1175.32,2651.28
P0148,Face Serum 148,Beauty,410.98,791.01,431.53,1067.86
P0149,Wireless Headphones 149,Electronics,916.4,1649.17,962.22,2226.38
P0150,Vacuum Cleaner 150,Home & Kitchen,1335.96,1868.42,1402.76,2522.37
P0151,Resistance Bands 151,Sports,739.88,1151.74,776.87,1554.85
P0152,Wireless Headphones 152,Electronics,5913.44,11945.19,6209.11,16126.01
P0153,Smartphone 153,Electronics,7094.86,13511.83,7449.6,18240.97
P0154,Hair Dryer 154,Beauty,3478.74,5994.36,3652.68,8092.39
P0155,Yoga Mat 155,Sports,4959.96,7277.74,5207.96,9824.95
P0156,Wireless Headphones 156,Electronics,1372.88,2068.59,1441.52,2792.6
P0157,Backpack 157,Fashion,4235.53,7929.61,4447.31,10704.97
P0158,Running Shoes 158,Fashion,6413.47,12656.97,6734.14,17086.91
P0159,Smart Watch 159,Electronics,8867.58,16145.3,9310.96,21796.16
P0160,Sneakers 160,Fashion,339.15,657.31,356.11,887.37
P0161,Mixer Grinder 161,Home & Kitchen,5767.54,10967.89,6055.92,14806.65
P0162,Sneakers 162,Fashion,3774.93,5199.02,3963.68,7018.68
P0163,Running Shoes 163,Fashion,10278.02,16551.24,10791.92,22344.17
P0164,Moisturizer 164,Beauty,8671.97,11967.63,9105.57,16156.3
P0165,Wireless Mouse 165,Electronics,7192.57,10428.87,7552.2,14078.97
P0166,Backpack 166,Fashion,3544.01,7048.58,3721.21,9515.58
P0167,Vacuum Cleaner 167,Home & Kitchen,10950.97,18090.54,11498.52,24422.23
P0168,Wireless Mouse 168,Electronics,827.68,1411.24,869.06,1905.17
P0169,Smart Watch 169,Electronics,1580.77,2215.73,1659.81,2991.24
P0170,Perfume 170,Beauty,4882.07,7398.44,5126.17,9987.89
P0171,Sneakers 171,Fashion,1755.92,2538.55,1843.72,3427.04
P0172,Smartphone 172,Electronics,11490.06,16376.3,12064.56,22108.0
P0173,Sunscreen 173,Beauty,9636.48,17271.14,10118.3,23316.04
P0174,Wireless Mouse 174,Electronics,3330.1,4889.76,3496.6,6601.18
P0175,Winter Jacket 175,Fashion,7186.08,12843.06,7545.38,17338.13
P0176,Bluetooth Speaker 176,Electronics,11793.27,15327.55,12382.93,20692.19
P0177,Denim Jacket 177,Fashion,10645.13,14589.24,11177.39,19695.47
P0178,Air Fryer 178,Home & Kitchen,7329.34,10872.04,7695.81,14677.25
P0179,Yoga Mat 179,Sports,10873.57,19110.19,11417.25,25798.76
P0180,Wireless Headphones 180,Electronics,11873.46,21662.71,12467.13,29244.66
P0181,Air Fryer 181,Home & Kitchen,8997.23,14632.28,9447.09,19753.58
P0182,Smart Watch 182,Electronics,1060.34,1727.21,1113.36,2331.73
P0183,Yoga Mat 183,Sports,4998.49,9326.38,5248.41,12590.61
P0184,Yoga Mat 184,Sports,10102.56,12764.06,10607.69,17231.48
P0185,Water Bottle 185,Home & Kitchen,2997.66,4616.18,3147.54,6231.84
P0186,Denim Jacket 186,Fashion,10018.52,19495.05,10519.45,26318.32
P0187,Winter Jacket 187,Fashion,1707.96,3010.68,1793.36,4064.42
P0188,Hair Dryer 188,Beauty,849.26,1305.01,891.72,1761.76
P0189,Moisturizer 189,Beauty,4793.86,9682.14,5033.55,13070.89
P0190,Wireless Mouse 190,Electronics,729.76,1391.45,766.25,1878.46
P0191,Wireless Headphones 191,Electronics,11500.06,16964.44,12075.06,22901.99
P0192,Resistance Bands 192,Sports,9966.61,17924.91,10464.94,24198.63
P0193,Dumbbell Set 193,Sports,9669.01,16982.53,10152.46,22926.42
P0194,Denim Jacket 194,Fashion,7668.4,12200.5,8051.82,16470.68
P0195,Air Fryer 195,Home & Kitchen,2830.99,4421.76,2972.54,5969.38
P0196,Coffee Maker 196,Home & Kitchen,6363.65,9812.92,6681.83,13247.44
P0197,Denim Jacket 197,Fashion,7288.11,12933.35,7652.52,17460.02
P0198,Cricket Bat 198,Sports,6442.87,10476.42,6765.01,14143.17
P0199,Dumbbell Set 199,Sports,3344.73,6545.92,3511.97,8836.99
P0200,Winter Jacket 200,Fashion,6328.4,11512.39,6644.82,15541.73
P0201,Running Shoes 201,Fashion,6046.88,7918.04,6349.22,10689.35
P0202,Smart Watch 202,Electronics,11957.13,21452.8,12554.99,28961.28
P0203,Smartphone 203,Electronics,10800.0,15989.13,11340.0,21585.33
P0204,Dumbbell Set 204,Sports,5721.55,10034.97,6007.63,13547.21
P0205,Sunscreen 205,Beauty,7588.37,13872.39,7967.79,18727.73
P0206,Wireless Mouse 206,Electronics,9050.1,13088.3,9502.61,17669.21
P0207,Bluetooth Speaker 207,Electronics,707.92,1159.81,743.32,1565.74
P0208,Running Shoes 208,Fashion,10770.58,15205.65,11309.11,20527.63
P0209,Wireless Headphones 209,Electronics,10363.48,13415.4,10881.65,18110.79
P0210,Wireless Headphones 210,Electronics,5651.96,8883.21,5934.56,11992.33
P0211,Perfume 211,Beauty,4876.69,7600.33,5120.52,10260.45
P0212,Running Shoes 212,Fashion,3493.62,7323.18,3668.3,9886.29
P0213,Denim Jacket 213,Fashion,5877.12,9576.18,6170.98,12927.84
P0214,Wireless Mouse 214,Electronics,819.21,1256.29,860.17,1695.99
P0215,Winter Jacket 215,Fashion,10270.66,17905.91,10784.19,24172.98
P0216,Wireless Mouse 216,Electronics,714.44,946.96,750.16,1278.4
P0217,Vacuum Cleaner 217,Home & Kitchen,4149.9,8579.57,4357.39,11582.42
P0218,Running Shoes 218,Fashion,11199.6,20044.1,11759.58,27059.54
P0219,Denim Jacket 219,Fashion,8901.99,16839.11,9347.09,22732.8
P0220,Sneakers 220,Fashion,3592.27,5010.88,3771.88,6764.69
P0221,Denim Jacket 221,Fashion,3255.99,5203.25,3418.79,7024.39
P0222,Hair Dryer 222,Beauty,359.46,578.47,377.43,780.93
P0223,Wireless Mouse 223,Electronics,8439.86,16445.37,8861.85,22201.25
P0224,Mixer Grinder 224,Home & Kitchen,870.77,1089.38,914.31,1470.66
P0225,Coffee Maker 225,Home & Kitchen,6531.45,9834.57,6858.02,13276.67
P0226,Wireless Mouse 226,Electronics,11556.83,24085.02,12134.67,32514.78
P0227,Yoga Mat 227,Sports,1580.79,2614.08,1659.83,3529.01
P0228,Air Fryer 228,Home & Kitchen,10765.42,16957.12,11303.69,22892.11
P0229,Cricket Bat 229,Sports,11900.26,16087.42,12495.27,21718.02
P0230,Sneakers 230,Fashion,1019.75,2119.08,1070.74,2860.76
P0231,Backpack 231,Fashion,10630.0,13468.45,11161.5,18182.41
P0232,Perfume 232,Beauty,6338.12,11894.14,6655.03,16057.09
P0233,Hair Dryer 233,Beauty,10906.21,20757.9,11451.52,28023.17
P0234,Perfume 234,Beauty,6984.43,10177.07,7333.65,13739.04
P0235,Smartphone 235,Electronics,8046.71,14651.65,8449.05,19779.73
P0236,Denim Jacket 236,Fashion,6662.21,8854.01,6995.32,11952.91
P0237,Vacuum Cleaner 237,Home & Kitchen,10414.57,15293.69,10935.3,20646.48
P0238,Smart Watch 238,Electronics,8886.75,17060.04,9331.09,23031.05
P0239,Winter Jacket 239,Fashion,6398.75,12701.41,6718.69,17146.9
P0240,Smart Watch 240,Electronics,10457.48,18480.6,10980.35,24948.81
P0241,Yoga Mat 241,Sports,3169.84,5327.91,3328.33,7192.68
P0242,Football 242,Sports,2140.89,2966.01,2247.93,4004.11
P0243,Yoga Mat 243,Sports,2176.68,2837.61,2285.51,3830.77
P0244,Air Fryer 244,Home & Kitchen,4207.9,5680.67,4418.3,7668.9
P0245,Bluetooth Speaker 245,Electronics,3092.67,4463.51,3247.3,6025.74
P0246,Cricket Bat 246,Sports,11182.06,17225.11,11741.16,23253.9
P0247,Mixer Grinder 247,Home & Kitchen,1538.26,2420.87,1615.17,3268.17
P0248,Resistance Bands 248,Sports,8478.19,13093.49,8902.1,17676.21
P0249,Cricket Bat 249,Sports,2513.89,3653.18,2639.58,4931.79
P0250,Cricket Bat 250,Sports,10615.15,17868.12,11145.91,24121.96
P0251,Coffee Maker 251,Home & Kitchen,11547.39,22534.65,12124.76,30421.78
P0252,Air Fryer 252,Home & Kitchen,5746.0,8548.6,6033.3,11540.61
P0253,Dumbbell Set 253,Sports,10585.14,21710.43,11114.4,29309.08
P0254,Water Bottle 254,Home & Kitchen,360.2,717.64,378.21,968.81
P0255,Smartphone 255,Electronics,9893.38,13727.06,10388.05,18531.53
P0256,Hair Dryer 256,Beauty,2974.91,5706.87,3123.66,7704.27
P0257,Dumbbell Set 257,Sports,10931.81,19003.85,11478.4,25655.2
P0258,Running Shoes 258,Fashion,313.11,542.18,328.77,731.94
P0259,Moisturizer 259,Beauty,6807.33,10771.83,7147.7,14541.97
P0260,Smart Watch 260,Electronics,9152.64,15339.64,9610.27,20708.51
P0261,Face Serum 261,Beauty,3326.65,5281.4,3492.98,7129.89
P0262,Resistance Bands 262,Sports,2559.65,4373.86,2687.63,5904.71
P0263,Wireless Headphones 263,Electronics,1283.95,2290.26,1348.15,3091.85
P0264,Face Serum 264,Beauty,4119.27,7510.08,4325.23,10138.61
P0265,Yoga Mat 265,Sports,6850.18,11663.18,7192.69,15745.29
P0266,Backpack 266,Fashion,1655.37,3084.3,1738.14,4163.8
P0267,Backpack 267,Fashion,4707.34,6449.46,4942.71,8706.77
P0268,Winter Jacket 268,Fashion,406.15,580.87,426.46,784.17
P0269,Water Bottle 269,Home & Kitchen,9878.55,19222.91,10372.48,25950.93
P0270,Mixer Grinder 270,Home & Kitchen,1802.85,2747.81,1892.99,3709.54
P0271,Denim Jacket 271,Fashion,3615.11,4589.24,3795.87,6195.47
P0272,Sneakers 272,Fashion,515.6,711.9,541.38,961.06
P0273,Resistance Bands 273,Sports,5357.22,7714.78,5625.08,10414.95
P0274,Cricket Bat 274,Sports,10129.42,20904.33,10635.89,28220.85
P0275,Face Serum 275,Beauty,4888.17,8491.17,5132.58,11463.08
P0276,Moisturizer 276,Beauty,2400.12,4903.02,2520.13,6619.08
P0277,Denim Jacket 277,Fashion,9118.28,15855.68,9574.19,21405.17
P0278,Backpack 278,Fashion,9529.04,15793.92,10005.49,21321.79
P0279,Backpack 279,Fashion,2332.92,3538.27,2449.57,4776.66
P0280,Winter Jacket 280,Fashion,9318.99,16451.89,9784.94,22210.05
P0281,Football 281,Sports,11383.39,15576.1,11952.56,21027.74
P0282,Water Bottle 282,Home & Kitchen,2246.62,4523.62,2358.95,6106.89
P0283,Vacuum Cleaner 283,Home & Kitchen,9320.52,18220.99,9786.55,24598.34
P0284,Wireless Headphones 284,Electronics,8590.29,13056.4,9019.8,17626.14
P0285,Perfume 285,Beauty,5840.81,12031.36,6132.85,16242.34
P0286,Smart Watch 286,Electronics,977.67,1907.85,1026.55,2575.6
P0287,Sunscreen 287,Beauty,1173.92,2132.26,1232.62,2878.55
P0288,Perfume 288,Beauty,10273.25,13904.82,10786.91,18771.51
P0289,Water Bottle 289,Home & Kitchen,11884.74,19687.06,12478.98,26577.53
P0290,Perfume 290,Beauty,8209.81,13794.05,8620.3,18621.97
P0291,Wireless Mouse 291,Electronics,5517.71,7987.82,5793.6,10783.56
P0292,Wireless Mouse 292,Electronics,7876.61,10381.14,8270.44,14014.54
P0293,Sneakers 293,Fashion,7254.43,13857.52,7617.15,18707.65
P0294,Mixer Grinder 294,Home & Kitchen,4788.26,6482.01,5027.67,8750.71
P0295,Wireless Headphones 295,Electronics,1067.83,1874.2,1121.22,2530.17
P0296,Perfume 296,Beauty,9911.7,20279.16,10407.29,27376.87
P0297,Sneakers 297,Fashion,4650.45,9276.2,4882.97,12522.87
P0298,Wireless Headphones 298,Electronics,9879.79,14682.25,10373.78,19821.04
P0299,Moisturizer 299,Beauty,3254.35,6423.21,3417.07,8671.33
P0300,Wireless Mouse 300,Electronics,312.04,390.14,327.64,526.69
P0301,Bluetooth Speaker 301,Electronics,2159.58,2731.94,2267.56,3688.12
P0302,Face Serum 302,Beauty,5781.91,10188.71,6071.01,13754.76
P0303,Face Serum 303,Beauty,11348.35,17704.32,11915.77,23900.83
P0304,Winter Jacket 304,Fashion,1495.67,2360.9,1570.45,3187.22
P0305,Winter Jacket 305,Fashion,10294.25,17806.74,10808.96,24039.1
P0306,Yoga Mat 306,Sports,6466.18,9136.81,6789.49,12334.69
P0307,Moisturizer 307,Beauty,9963.27,14247.4,10461.43,19233.99
P0308,Water Bottle 308,Home & Kitchen,3790.98,6300.27,3980.53,8505.36
P0309,Backpack 309,Fashion,10127.38,19152.05,10633.75,25855.27
P0310,Vacuum Cleaner 310,Home & Kitchen,9342.03,16596.8,9809.13,22405.68
P0311,Vacuum Cleaner 311,Home & Kitchen,2991.63,4495.68,3141.21,6069.17
P0312,Wireless Mouse 312,Electronics,1836.62,2967.59,1928.45,4006.25
P0313,Smartphone 313,Electronics,10456.24,14587.13,10979.05,19692.63
P0314,Football 314,Sports,11569.87,15196.28,12148.36,20514.98
P0315,Running Shoes 315,Fashion,666.24,1276.04,699.55,1722.65
P0316,Winter Jacket 316,Fashion,8855.86,13067.52,9298.65,17641.15
P0317,Mixer Grinder 317,Home & Kitchen,10941.44,15330.07,11488.51,20695.59
P0318,Wireless Mouse 318,Electronics,10331.11,18987.29,10847.67,25632.84
P0319,Smart Watch 319,Electronics,11584.89,20567.16,12164.13,27765.67
P0320,Water Bottle 320,Home & Kitchen,9193.1,16439.2,9652.76,22192.92
P0321,Face Serum 321,Beauty,5474.9,7908.82,5748.64,10676.91
P0322,Winter Jacket 322,Fashion,3949.84,5718.38,4147.33,7719.81
P0323,Running Shoes 323,Fashion,4052.69,5826.48,4255.32,7865.75
P0324,Water Bottle 324,Home & Kitchen,8775.75,12265.78,9214.54,16558.8
P0325,Cricket Bat 325,Sports,9026.29,16313.8,9477.6,22023.63
P0326,Winter Jacket 326,Fashion,2644.2,5211.23,2776.41,7035.16
P0327,Hair Dryer 327,Beauty,10457.04,19509.38,10979.89,26337.66
P0328,Moisturizer 328,Beauty,8664.61,16664.47,9097.84,22497.03
P0329,Air Fryer 329,Home & Kitchen,6884.18,10973.92,7228.39,14814.79
P0330,Bluetooth Speaker 330,Electronics,5816.93,10505.17,6107.78,14181.98
P0331,Vacuum Cleaner 331,Home & Kitchen,6655.82,10323.85,6988.61,13937.2
P0332,Sneakers 332,Fashion,2163.18,3670.22,2271.34,4954.8
P0333,Wireless Headphones 333,Electronics,2683.3,4452.64,2817.46,6011.06
P0334,Bluetooth Speaker 334,Electronics,1366.62,1913.75,1434.95,2583.56
P0335,Smart Watch 335,Electronics,2097.8,3312.46,2202.69,4471.82
P0336,Bluetooth Speaker 336,Electronics,5608.22,11604.8,5888.63,15666.48
P0337,Football 337,Sports,6505.15,9505.93,6830.41,12833.01
P0338,Running Shoes 338,Fashion,508.98,694.11,534.43,937.05
P0339,Perfume 339,Beauty,9622.53,15451.8,10103.66,20859.93
P0340,Bluetooth Speaker 340,Electronics,3741.77,7190.89,3928.86,9707.7
P0341,Hair Dryer 341,Beauty,10968.48,19138.09,11516.9,25836.42
P0342,Hair Dryer 342,Beauty,11619.88,21250.77,12200.87,28688.54
P0343,Bluetooth Speaker 343,Electronics,2469.87,3485.58,2593.36,4705.53
P0344,Air Fryer 344,Home & Kitchen,5706.54,10135.42,5991.87,13682.82
P0345,Vacuum Cleaner 345,Home & Kitchen,314.41,479.47,330.13,647.28
P0346,Sunscreen 346,Beauty,7300.43,14302.69,7665.45,19308.63
P0347,Backpack 347,Fashion,7405.49,13218.09,7775.76,17844.42
P0348,Smart Watch 348,Electronics,3196.22,4535.53,3356.03,6122.97
P0349,Mixer Grinder 349,Home & Kitchen,6833.43,8917.11,7175.1,12038.1
P0350,Moisturizer 350,Beauty,2938.82,3780.02,3085.76,5103.03
P0351,Sunscreen 351,Beauty,2181.66,3415.82,2290.74,4611.36
P0352,Cricket Bat 352,Sports,7922.78,11693.81,8318.92,15786.64
P0353,Running Shoes 353,Fashion,4113.33,7400.61,4319.0,9990.82
P0354,Smart Watch 354,Electronics,7206.09,12066.12,7566.39,16289.26
P0355,Wireless Mouse 355,Electronics,5368.99,7925.25,5637.44,10699.09
P0356,Sneakers 356,Fashion,11816.91,16270.14,12407.76,21964.69
P0357,Smartphone 357,Electronics,2050.09,2784.27,2152.59,3758.76
P0358,Sunscreen 358,Beauty,5735.8,11385.34,6022.59,15370.21
P0359,Football 359,Sports,8261.34,12036.41,8674.41,16249.15
P0360,Moisturizer 360,Beauty,4927.88,8889.67,5174.27,12001.05
P0361,Water Bottle 361,Home & Kitchen,11703.99,22695.01,12289.19,30638.26
P0362,Sneakers 362,Fashion,8746.09,15497.8,9183.39,20922.03
P0363,Face Serum 363,Beauty,7986.71,15818.72,8386.05,21355.27
P0364,Face Serum 364,Beauty,9157.59,14501.36,9615.47,19576.84
P0365,Football 365,Sports,11445.99,23610.66,12018.29,31874.39
P0366,Vacuum Cleaner 366,Home & Kitchen,10921.48,14887.87,11467.55,20098.62
P0367,Football 367,Sports,8774.14,11729.51,9212.85,15834.84
P0368,Football 368,Sports,9065.19,16406.98,9518.45,22149.42
P0369,Smart Watch 369,Electronics,2007.29,4117.77,2107.65,5558.99
P0370,Smart Watch 370,Electronics,1502.67,2911.5,1577.8,3930.52
P0371,Bluetooth Speaker 371,Electronics,6979.58,9177.83,7328.56,12390.07
P0372,Bluetooth Speaker 372,Electronics,514.9,765.89,540.64,1033.95
P0373,Smartphone 373,Electronics,5943.57,12129.47,6240.75,16374.78
P0374,Winter Jacket 374,Fashion,2761.09,4045.27,2899.14,5461.11
P0375,Smart Watch 375,Electronics,4348.39,8322.8,4565.81,11235.78
P0376,Air Fryer 376,Home & Kitchen,9376.92,18297.77,9845.77,24701.99
P0377,Winter Jacket 377,Fashion,11312.48,18904.67,11878.1,25521.3
P0378,Wireless Mouse 378,Electronics,1147.27,1810.85,1204.63,2444.65
P0379,Running Shoes 379,Fashion,6550.63,10694.6,6878.16,14437.71
P0380,Coffee Maker 380,Home & Kitchen,10625.64,15331.95,11156.92,20698.13
P0381,Wireless Mouse 381,Electronics,1265.35,2538.27,1328.62,3426.66
P0382,Winter Jacket 382,Fashion,9946.81,16243.41,10444.15,21928.6
P0383,Perfume 383,Beauty,4486.28,8972.97,4710.59,12113.51
P0384,Resistance Bands 384,Sports,4068.51,5451.15,4271.94,7359.05
P0385,Sneakers 385,Fashion,11736.36,24529.39,12323.18,33114.68
P0386,Denim Jacket 386,Fashion,2650.05,4311.05,2782.55,5819.92
P0387,Coffee Maker 387,Home & Kitchen,8410.37,10854.9,8830.89,14654.12
P0388,Wireless Headphones 388,Electronics,9910.86,12708.88,10406.4,17156.99
P0389,Backpack 389,Fashion,781.85,1473.22,820.94,1988.85
P0390,Running Shoes 390,Fashion,8143.51,14741.22,8550.69,19900.65
P0391,Yoga Mat 391,Sports,11433.13,22086.65,12004.79,29816.98
P0392,Water Bottle 392,Home & Kitchen,1753.37,2348.75,1841.04,3170.81
P0393,Coffee Maker 393,Home & Kitchen,10785.79,13808.35,11325.08,18641.27
P0394,Sneakers 394,Fashion,7258.89,12211.58,7621.83,16485.63
P0395,Mixer Grinder 395,Home & Kitchen,7514.27,11868.46,7889.98,16022.42
P0396,Yoga Mat 396,Sports,7471.45,12273.01,7845.02,16568.56
P0397,Resistance Bands 397,Sports,3796.38,7945.25,3986.2,10726.09
P0398,Air Fryer 398,Home & Kitchen,11241.86,23328.4,11803.95,31493.34
P0399,Winter Jacket 399,Fashion,11384.0,23348.22,11953.2,31520.1
P0400,Backpack 400,Fashion,7616.06,14594.4,7996.86,19702.44
P0401,Smart Watch 401,Electronics,9466.05,14687.67,9939.35,19828.35
P0402,Yoga Mat 402,Sports,7463.42,11943.8,7836.59,16124.13
P0403,Moisturizer 403,Beauty,5967.46,10247.16,6265.83,13833.67
P0404,Backpack 404,Fashion,8031.6,15709.44,8433.18,21207.74
P0405,Air Fryer 405,Home & Kitchen,6770.12,8858.07,7108.63,11958.39
P0406,Dumbbell Set 406,Sports,7290.47,11742.41,7654.99,15852.25
P0407,Vacuum Cleaner 407,Home & Kitchen,9470.84,12503.64,9944.38,16879.91
P0408,Smartphone 408,Electronics,5926.57,10000.84,6222.9,13501.13
P0409,Cricket Bat 409,Sports,776.82,1564.57,815.66,2112.17
P0410,Wireless Headphones 410,Electronics,2218.79,4249.23,2329.73,5736.46
P0411,Vacuum Cleaner 411,Home & Kitchen,5431.7,7841.56,5703.28,10586.11
P0412,Cricket Bat 412,Sports,8780.47,18259.8,9219.49,24650.73
P0413,Football 413,Sports,7241.36,13159.35,7603.43,17765.12
P0414,Sunscreen 414,Beauty,7908.44,9955.65,8303.86,13440.13
P0415,Backpack 415,Fashion,5907.56,8666.99,6202.94,11700.44
P0416,Coffee Maker 416,Home & Kitchen,7504.18,11043.2,7879.39,14908.32
P0417,Mixer Grinder 417,Home & Kitchen,4149.5,5431.14,4356.98,7332.04
P0418,Water Bottle 418,Home & Kitchen,5801.14,11984.3,6091.2,16178.8
P0419,Winter Jacket 419,Fashion,9008.07,14922.02,9458.47,20144.73
P0420,Winter Jacket 420,Fashion,10500.44,21121.03,11025.46,28513.39
P0421,Running Shoes 421,Fashion,5373.77,8189.0,5642.46,11055.15
P0422,Backpack 422,Fashion,810.84,1099.86,851.38,1484.81
P0423,Smartphone 423,Electronics,2191.57,3623.07,2301.15,4891.14
P0424,Hair Dryer 424,Beauty,544.08,732.8,571.28,989.28
P0425,Smartphone 425,Electronics,7943.18,13210.41,8340.34,17834.05
P0426,Perfume 426,Beauty,4188.08,8511.24,4397.48,11490.17
P0427,Coffee Maker 427,Home & Kitchen,6647.0,11251.06,6979.35,15188.93
P0428,Yoga Mat 428,Sports,6071.34,10770.71,6374.91,14540.46
P0429,Mixer Grinder 429,Home & Kitchen,1253.86,1734.27,1316.55,2341.26
P0430,Wireless Headphones 430,Electronics,5018.16,6459.25,5269.07,8719.99
P0431,Wireless Headphones 431,Electronics,2880.57,3872.02,3024.6,5227.23
P0432,Denim Jacket 432,Fashion,5195.28,9137.21,5455.04,12335.23
P0433,Hair Dryer 433,Beauty,2681.87,3568.93,2815.96,4818.06
P0434,Bluetooth Speaker 434,Electronics,10133.29,15905.15,10639.95,21471.95
P0435,Wireless Headphones 435,Electronics,2338.06,4015.8,2454.96,5421.33
P0436,Winter Jacket 436,Fashion,11541.13,18239.08,12118.19,24622.76
P0437,Bluetooth Speaker 437,Electronics,5166.12,7176.42,5424.43,9688.17
P0438,Backpack 438,Fashion,10201.07,15125.36,10711.12,20419.24
P0439,Backpack 439,Fashion,7656.55,15612.24,8039.38,21076.52
P0440,Wireless Mouse 440,Electronics,8903.6,16245.37,9348.78,21931.25
P0441,Bluetooth Speaker 441,Electronics,9282.37,15516.79,9746.49,20947.67
P0442,Yoga Mat 442,Sports,6206.69,7825.44,6517.02,10564.34
P0443,Water Bottle 443,Home & Kitchen,6656.62,13935.99,6989.45,18813.59
P0444,Water Bottle 444,Home & Kitchen,6313.75,11495.68,6629.44,15519.17
P0445,Backpack 445,Fashion,7180.28,10909.6,7539.29,14727.96
P0446,Dumbbell Set 446,Sports,643.92,1286.15,676.12,1736.3
P0447,Yoga Mat 447,Sports,4927.53,7241.83,5173.91,9776.47
P0448,Backpack 448,Fashion,7392.41,12658.87,7762.03,17089.47
P0449,Air Fryer 449,Home & Kitchen,7293.37,13059.95,7658.04,17630.93
P0450,Smartphone 450,Electronics,9577.59,13771.65,10056.47,18591.73
P0451,Denim Jacket 451,Fashion,7963.61,16577.35,8361.79,22379.42
P0452,Face Serum 452,Beauty,11907.96,22457.97,12503.36,30318.26
P0453,Air Fryer 453,Home & Kitchen,3621.1,6243.29,3802.16,8428.44
P0454,Cricket Bat 454,Sports,4502.07,6318.68,4727.17,8530.22
P0455,Smart Watch 455,Electronics,4791.01,6208.09,5030.56,8380.92
P0456,Face Serum 456,Beauty,5750.01,8751.81,6037.51,11814.94
P0457,Bluetooth Speaker 457,Electronics,10081.18,19055.54,10585.24,25724.98
P0458,Sunscreen 458,Beauty,3058.77,4523.71,3211.71,6107.01
P0459,Smartphone 459,Electronics,9379.2,16025.51,9848.16,21634.44
P0460,Smartphone 460,Electronics,5042.13,9422.51,5294.24,12720.39
P0461,Wireless Mouse 461,Electronics,7341.71,9850.76,7708.8,13298.53
P0462,Sneakers 462,Fashion,7700.72,14111.59,8085.76,19050.65
P0463,Denim Jacket 463,Fashion,4662.33,6192.0,4895.45,8359.2
P0464,Face Serum 464,Beauty,6297.6,13038.3,6612.48,17601.71
P0465,Football 465,Sports,5132.46,8546.24,5389.08,11537.42
P0466,Air Fryer 466,Home & Kitchen,1108.85,1528.08,1164.29,2062.91
P0467,Water Bottle 467,Home & Kitchen,5414.84,8344.41,5685.58,11264.95
P0468,Yoga Mat 468,Sports,1439.5,2305.22,1511.48,3112.05
P0469,Wireless Headphones 469,Electronics,5038.74,9545.68,5290.68,12886.67
P0470,Cricket Bat 470,Sports,7237.15,13619.67,7599.01,18386.55
P0471,Wireless Mouse 471,Electronics,7079.15,12531.15,7433.11,16917.05
P0472,Resistance Bands 472,Sports,8052.67,10790.91,8455.3,14567.73
P0473,Wireless Headphones 473,Electronics,1414.56,1950.44,1485.29,2633.09
P0474,Resistance Bands 474,Sports,7929.84,10544.26,8326.33,14234.75
P0475,Sunscreen 475,Beauty,3952.13,6879.07,4149.74,9286.74
P0476,Cricket Bat 476,Sports,4968.84,9915.66,5217.28,13386.14
P0477,Wireless Headphones 477,Electronics,10338.44,16735.15,10855.36,22592.45
P0478,Hair Dryer 478,Beauty,405.66,562.54,425.94,759.43
P0479,Dumbbell Set 479,Sports,7184.43,12388.37,7543.65,16724.3
P0480,Sunscreen 480,Beauty,7304.95,14171.53,7670.2,19131.57
P0481,Sunscreen 481,Beauty,4940.92,9291.18,5187.97,12543.09
P0482,Denim Jacket 482,Fashion,3073.23,6144.1,3226.89,8294.54
P0483,Hair Dryer 483,Beauty,3045.69,4526.56,3197.97,6110.86
P0484,Perfume 484,Beauty,10639.4,15053.27,11171.37,20321.91
P0485,Perfume 485,Beauty,5471.69,10931.58,5745.27,14757.63
P0486,Dumbbell Set 486,Sports,4171.41,7545.77,4379.98,10186.79
P0487,Smartphone 487,Electronics,5550.7,8405.37,5828.24,11347.25
P0488,Coffee Maker 488,Home & Kitchen,8131.87,15296.01,8538.46,20649.61
P0489,Resistance Bands 489,Sports,2005.35,3896.1,2105.62,5259.74
P0490,Cricket Bat 490,Sports,5558.38,9853.52,5836.3,13302.25
P0491,Perfume 491,Beauty,7178.25,13169.95,7537.16,17779.43
P0492,Sunscreen 492,Beauty,11398.43,17883.81,11968.35,24143.14
P0493,Mixer Grinder 493,Home & Kitchen,3254.58,5558.47,3417.31,7503.93
P0494,Bluetooth Speaker 494,Electronics,4503.23,7635.39,4728.39,10307.78
P0495,Hair Dryer 495,Beauty,4738.5,9338.83,4975.42,12607.42
P0496,Air Fryer 496,Home & Kitchen,7384.8,14503.52,7754.04,19579.75
P0497,Moisturizer 497,Beauty,4473.77,8758.65,4697.46,11824.18
P0498,Wireless Headphones 498,Electronics,6542.09,8238.96,6869.19,11122.6
P0499,Resistance Bands 499,Sports,9446.95,17827.47,9919.3,24067.08
P0500,Football 500,Sports,8553.01,16206.88,8980.66,21879.29
