promotion_id,date,promotion_type,promotion_discount_pct
PR0001,2025-01-01,None,0.0
PR0002,2025-01-02,Weekend Sale,8.3
PR0003,2025-01-03,Festival Sale,19.7
PR0004,2025-01-04,None,0.0
PR0005,2025-01-05,None,0.0
PR0006,2025-01-06,Festival Sale,23.9
PR0007,2025-01-07,None,0.0
PR0008,2025-01-08,None,0.0
PR0009,2025-01-09,Festival Sale,10.8
PR0010,2025-01-10,None,0.0
PR0011,2025-01-11,None,0.0
PR0012,2025-01-12,Flash Sale,13.3
PR0013,2025-01-13,Flash Sale,28.7
PR0014,2025-01-14,None,0.0
PR0015,2025-01-15,None,0.0
PR0016,2025-01-16,None,0.0
PR0017,2025-01-17,None,0.0
PR0018,2025-01-18,None,0.0
PR0019,2025-01-19,None,0.0
PR0020,2025-01-20,None,0.0
PR0021,2025-01-21,None,0.0
PR0022,2025-01-22,Weekend Sale,7.7
PR0023,2025-01-23,None,0.0
PR0024,2025-01-24,None,0.0
PR0025,2025-01-25,Flash Sale,13.5
PR0026,2025-01-26,None,0.0
PR0027,2025-01-27,None,0.0
PR0028,2025-01-28,None,0.0
PR0029,2025-01-29,Weekend Sale,19.0
PR0030,2025-01-30,Flash Sale,12.9
PR0031,2025-01-31,None,0.0
PR0032,2025-02-01,Festival Sale,21.2
PR0033,2025-02-02,None,0.0
PR0034,2025-02-03,None,0.0
PR0035,2025-02-04,None,0.0
PR0036,2025-02-05,None,0.0
PR0037,2025-02-06,Weekend Sale,14.8
PR0038,2025-02-07,None,0.0
PR0039,2025-02-08,Clearance,18.9
PR0040,2025-02-09,None,0.0
PR0041,2025-02-10,Festival Sale,11.4
PR0042,2025-02-11,None,0.0
PR0043,2025-02-12,None,0.0
PR0044,2025-02-13,Weekend Sale,21.7
PR0045,2025-02-14,None,0.0
PR0046,2025-02-15,Clearance,20.1
PR0047,2025-02-16,Clearance,21.2
PR0048,2025-02-17,None,0.0
PR0049,2025-02-18,None,0.0
PR0050,2025-02-19,Weekend Sale,13.9
PR0051,2025-02-20,None,0.0
PR0052,2025-02-21,None,0.0
PR0053,2025-02-22,Weekend Sale,25.4
PR0054,2025-02-23,Flash Sale,25.7
PR0055,2025-02-24,Festival Sale,25.4
PR0056,2025-02-25,None,0.0
PR0057,2025-02-26,Festival Sale,12.1
PR0058,2025-02-27,None,0.0
PR0059,2025-02-28,Flash Sale,20.3
PR0060,2025-03-01,Festival Sale,7.3
PR0061,2025-03-02,None,0.0
PR0062,2025-03-03,None,0.0
PR0063,2025-03-04,Festival Sale,22.4
PR0064,2025-03-05,None,0.0
PR0065,2025-03-06,Flash Sale,7.8
PR0066,2025-03-07,None,0.0
PR0067,2025-03-08,None,0.0
PR0068,2025-03-09,None,0.0
PR0069,2025-03-10,Weekend Sale,11.6
PR0070,2025-03-11,Clearance,11.6
PR0071,2025-03-12,None,0.0
PR0072,2025-03-13,None,0.0
PR0073,2025-03-14,None,0.0
PR0074,2025-03-15,None,0.0
PR0075,2025-03-16,None,0.0
PR0076,2025-03-17,Flash Sale,28.6
PR0077,2025-03-18,None,0.0
PR0078,2025-03-19,Weekend Sale,21.0
PR0079,2025-03-20,Flash Sale,21.4
PR0080,2025-03-21,None,0.0
PR0081,2025-03-22,Clearance,17.0
PR0082,2025-03-23,None,0.0
PR0083,2025-03-24,Weekend Sale,10.2
PR0084,2025-03-25,None,0.0
PR0085,2025-03-26,None,0.0
PR0086,2025-03-27,None,0.0
PR0087,2025-03-28,None,0.0
PR0088,2025-03-29,None,0.0
PR0089,2025-03-30,Clearance,28.1
PR0090,2025-03-31,Festival Sale,11.1
PR0091,2025-04-01,Flash Sale,22.3
PR0092,2025-04-02,None,0.0
PR0093,2025-04-03,None,0.0
PR0094,2025-04-04,None,0.0
PR0095,2025-04-05,Weekend Sale,12.7
PR0096,2025-04-06,Flash Sale,16.6
PR0097,2025-04-07,Weekend Sale,28.5
PR0098,2025-04-08,None,0.0
PR0099,2025-04-09,None,0.0
PR0100,2025-04-10,Weekend Sale,11.6
PR0101,2025-04-11,None,0.0
PR0102,2025-04-12,Clearance,12.2
PR0103,2025-04-13,None,0.0
PR0104,2025-04-14,None,0.0
PR0105,2025-04-15,Flash Sale,24.4
PR0106,2025-04-16,None,0.0
PR0107,2025-04-17,Weekend Sale,6.8
PR0108,2025-04-18,Clearance,8.3
PR0109,2025-04-19,Festival Sale,25.3
PR0110,2025-04-20,None,0.0
PR0111,2025-04-21,None,0.0
PR0112,2025-04-22,Clearance,26.8
PR0113,2025-04-23,Flash Sale,17.3
PR0114,2025-04-24,None,0.0
PR0115,2025-04-25,None,0.0
PR0116,2025-04-26,Weekend Sale,26.2
PR0117,2025-04-27,None,0.0
PR0118,2025-04-28,Clearance,27.1
PR0119,2025-04-29,Flash Sale,19.3
PR0120,2025-04-30,Festival Sale,8.0
PR0121,2025-05-01,None,0.0
PR0122,2025-05-02,None,0.0
PR0123,2025-05-03,Flash Sale,7.2
PR0124,2025-05-04,None,0.0
PR0125,2025-05-05,None,0.0
PR0126,2025-05-06,None,0.0
PR0127,2025-05-07,Festival Sale,14.5
PR0128,2025-05-08,Weekend Sale,29.6
PR0129,2025-05-09,None,0.0
PR0130,2025-05-10,Weekend Sale,20.6
PR0131,2025-05-11,None,0.0
PR0132,2025-05-12,None,0.0
PR0133,2025-05-13,Flash Sale,26.4
PR0134,2025-05-14,Weekend Sale,24.0
PR0135,2025-05-15,None,0.0
PR0136,2025-05-16,None,0.0
PR0137,2025-05-17,Weekend Sale,26.2
PR0138,2025-05-18,Festival Sale,22.4
PR0139,2025-05-19,None,0.0
PR0140,2025-05-20,None,0.0
PR0141,2025-05-21,Flash Sale,7.1
PR0142,2025-05-22,Flash Sale,27.2
PR0143,2025-05-23,None,0.0
PR0144,2025-05-24,Flash Sale,23.5
PR0145,2025-05-25,Clearance,22.3
PR0146,2025-05-26,Weekend Sale,9.6
PR0147,2025-05-27,None,0.0
PR0148,2025-05-28,None,0.0
PR0149,2025-05-29,Flash Sale,24.7
PR0150,2025-05-30,Weekend Sale,5.2
PR0151,2025-05-31,Flash Sale,20.5
PR0152,2025-06-01,None,0.0
PR0153,2025-06-02,Weekend Sale,18.8
PR0154,2025-06-03,None,0.0
PR0155,2025-06-04,None,0.0
PR0156,2025-06-05,None,0.0
PR0157,2025-06-06,None,0.0
PR0158,2025-06-07,Weekend Sale,22.1
PR0159,2025-06-08,None,0.0
PR0160,2025-06-09,None,0.0
PR0161,2025-06-10,Clearance,5.2
PR0162,2025-06-11,None,0.0
PR0163,2025-06-12,Flash Sale,27.0
PR0164,2025-06-13,None,0.0
PR0165,2025-06-14,Flash Sale,12.6
PR0166,2025-06-15,None,0.0
PR0167,2025-06-16,None,0.0
PR0168,2025-06-17,None,0.0
PR0169,2025-06-18,None,0.0
PR0170,2025-06-19,None,0.0
PR0171,2025-06-20,None,0.0
PR0172,2025-06-21,None,0.0
PR0173,2025-06-22,Weekend Sale,7.0
PR0174,2025-06-23,Weekend Sale,13.2
PR0175,2025-06-24,Festival Sale,10.6
PR0176,2025-06-25,None,0.0
PR0177,2025-06-26,None,0.0
PR0178,2025-06-27,Clearance,26.7
PR0179,2025-06-28,None,0.0
PR0180,2025-06-29,None,0.0
PR0181,2025-06-30,Flash Sale,15.6
PR0182,2025-07-01,None,0.0
PR0183,2025-07-02,Flash Sale,19.9
PR0184,2025-07-03,Flash Sale,17.7
PR0185,2025-07-04,Flash Sale,7.6
PR0186,2025-07-05,Weekend Sale,11.4
PR0187,2025-07-06,Flash Sale,10.9
PR0188,2025-07-07,None,0.0
PR0189,2025-07-08,None,0.0
PR0190,2025-07-09,None,0.0
PR0191,2025-07-10,Festival Sale,13.9
PR0192,2025-07-11,Flash Sale,20.0
PR0193,2025-07-12,None,0.0
PR0194,2025-07-13,None,0.0
PR0195,2025-07-14,None,0.0
PR0196,2025-07-15,Festival Sale,24.4
PR0197,2025-07-16,None,0.0
PR0198,2025-07-17,Weekend Sale,22.0
PR0199,2025-07-18,None,0.0
PR0200,2025-07-19,Weekend Sale,7.5
PR0201,2025-07-20,None,0.0
PR0202,2025-07-21,None,0.0
PR0203,2025-07-22,None,0.0
PR0204,2025-07-23,Weekend Sale,6.5
PR0205,2025-07-24,None,0.0
PR0206,2025-07-25,None,0.0
PR0207,2025-07-26,None,0.0
PR0208,2025-07-27,None,0.0
PR0209,2025-07-28,Weekend Sale,28.9
PR0210,2025-07-29,None,0.0
PR0211,2025-07-30,None,0.0
PR0212,2025-07-31,None,0.0
PR0213,2025-08-01,None,0.0
PR0214,2025-08-02,Flash Sale,16.4
PR0215,2025-08-03,None,0.0
PR0216,2025-08-04,Weekend Sale,19.9
PR0217,2025-08-05,Festival Sale,18.8
PR0218,2025-08-06,None,0.0
PR0219,2025-08-07,None,0.0
PR0220,2025-08-08,None,0.0
PR0221,2025-08-09,None,0.0
PR0222,2025-08-10,None,0.0
PR0223,2025-08-11,None,0.0
PR0224,2025-08-12,None,0.0
PR0225,2025-08-13,Festival Sale,13.5
PR0226,2025-08-14,None,0.0
PR0227,2025-08-15,Flash Sale,12.8
PR0228,2025-08-16,None,0.0
PR0229,2025-08-17,None,0.0
PR0230,2025-08-18,None,0.0
PR0231,2025-08-19,None,0.0
PR0232,2025-08-20,None,0.0
PR0233,2025-08-21,None,0.0
PR0234,2025-08-22,None,0.0
PR0235,2025-08-23,None,0.0
PR0236,2025-08-24,Clearance,13.1
PR0237,2025-08-25,None,0.0
PR0238,2025-08-26,None,0.0
PR0239,2025-08-27,None,0.0
PR0240,2025-08-28,None,0.0
PR0241,2025-08-29,Weekend Sale,18.1
PR0242,2025-08-30,None,0.0
PR0243,2025-08-31,Clearance,30.0
PR0244,2025-09-01,None,0.0
PR0245,2025-09-02,Festival Sale,29.0
PR0246,2025-09-03,None,0.0
PR0247,2025-09-04,None,0.0
PR0248,2025-09-05,None,0.0
PR0249,2025-09-06,None,0.0
PR0250,2025-09-07,None,0.0
PR0251,2025-09-08,None,0.0
PR0252,2025-09-09,Festival Sale,8.4
PR0253,2025-09-10,Festival Sale,21.9
PR0254,2025-09-11,None,0.0
PR0255,2025-09-12,None,0.0
PR0256,2025-09-13,Weekend Sale,9.8
PR0257,2025-09-14,Festival Sale,27.6
PR0258,2025-09-15,Clearance,25.8
PR0259,2025-09-16,Flash Sale,9.9
PR0260,2025-09-17,None,0.0
PR0261,2025-09-18,None,0.0
PR0262,2025-09-19,Weekend Sale,15.0
PR0263,2025-09-20,Weekend Sale,7.8
PR0264,2025-09-21,None,0.0
PR0265,2025-09-22,Clearance,25.9
PR0266,2025-09-23,Flash Sale,24.4
PR0267,2025-09-24,None,0.0
PR0268,2025-09-25,None,0.0
PR0269,2025-09-26,None,0.0
PR0270,2025-09-27,None,0.0
PR0271,2025-09-28,Flash Sale,22.1
PR0272,2025-09-29,Festival Sale,15.7
PR0273,2025-09-30,Weekend Sale,11.4
PR0274,2025-10-01,None,0.0
PR0275,2025-10-02,None,0.0
PR0276,2025-10-03,Flash Sale,18.7
PR0277,2025-10-04,Clearance,9.4
PR0278,2025-10-05,None,0.0
PR0279,2025-10-06,None,0.0
PR0280,2025-10-07,Clearance,23.9
PR0281,2025-10-08,None,0.0
PR0282,2025-10-09,None,0.0
PR0283,2025-10-10,Flash Sale,21.8
PR0284,2025-10-11,Festival Sale,10.8
PR0285,2025-10-12,None,0.0
PR0286,2025-10-13,Festival Sale,25.9
PR0287,2025-10-14,Weekend Sale,15.4
PR0288,2025-10-15,Clearance,5.6
PR0289,2025-10-16,Flash Sale,21.8
PR0290,2025-10-17,Weekend Sale,8.4
PR0291,2025-10-18,Flash Sale,17.3
PR0292,2025-10-19,Flash Sale,7.2
PR0293,2025-10-20,None,0.0
PR0294,2025-10-21,None,0.0
PR0295,2025-10-22,Flash Sale,25.8
PR0296,2025-10-23,Clearance,17.7
PR0297,2025-10-24,None,0.0
PR0298,2025-10-25,None,0.0
PR0299,2025-10-26,Festival Sale,18.9
PR0300,2025-10-27,Festival Sale,10.1
PR0301,2025-10-28,None,0.0
PR0302,2025-10-29,None,0.0
PR0303,2025-10-30,None,0.0
PR0304,2025-10-31,None,0.0
PR0305,2025-11-01,Weekend Sale,19.3
PR0306,2025-11-02,Festival Sale,19.3
PR0307,2025-11-03,Clearance,29.7
PR0308,2025-11-04,None,0.0
PR0309,2025-11-05,None,0.0
PR0310,2025-11-06,None,0.0
PR0311,2025-11-07,Festival Sale,16.0
PR0312,2025-11-08,Weekend Sale,6.5
PR0313,2025-11-09,None,0.0
PR0314,2025-11-10,None,0.0
PR0315,2025-11-11,Flash Sale,16.5
PR0316,2025-11-12,None,0.0
PR0317,2025-11-13,None,0.0
PR0318,2025-11-14,Weekend Sale,10.2
PR0319,2025-11-15,Festival Sale,21.3
PR0320,2025-11-16,None,0.0
PR0321,2025-11-17,None,0.0
PR0322,2025-11-18,Clearance,7.0
PR0323,2025-11-19,None,0.0
PR0324,2025-11-20,Weekend Sale,5.1
PR0325,2025-11-21,None,0.0
PR0326,2025-11-22,Weekend Sale,16.5
PR0327,2025-11-23,None,0.0
PR0328,2025-11-24,Weekend Sale,26.6
PR0329,2025-11-25,None,0.0
PR0330,2025-11-26,None,0.0
PR0331,2025-11-27,None,0.0
PR0332,2025-11-28,Flash Sale,18.4
PR0333,2025-11-29,None,0.0
PR0334,2025-11-30,Flash Sale,5.1
PR0335,2025-12-01,Weekend Sale,14.6
PR0336,2025-12-02,None,0.0
PR0337,2025-12-03,None,0.0
PR0338,2025-12-04,Clearance,12.2
PR0339,2025-12-05,Weekend Sale,29.1
PR0340,2025-12-06,None,0.0
PR0341,2025-12-07,Festival Sale,13.2
PR0342,2025-12-08,Clearance,6.3
PR0343,2025-12-09,Festival Sale,19.1
PR0344,2025-12-10,None,0.0
PR0345,2025-12-11,Clearance,11.6
PR0346,2025-12-12,None,0.0
PR0347,2025-12-13,Clearance,18.7
PR0348,2025-12-14,None,0.0
PR0349,2025-12-15,None,0.0
PR0350,2025-12-16,None,0.0
PR0351,2025-12-17,None,0.0
PR0352,2025-12-18,Clearance,26.6
PR0353,2025-12-19,Clearance,18.9
PR0354,2025-12-20,Festival Sale,21.9
PR0355,2025-12-21,Flash Sale,17.2
PR0356,2025-12-22,Flash Sale,13.0
PR0357,2025-12-23,None,0.0
PR0358,2025-12-24,None,0.0
PR0359,2025-12-25,None,0.0
PR0360,2025-12-26,None,0.0
PR0361,2025-12-27,Weekend Sale,7.2
PR0362,2025-12-28,Clearance,14.1
PR0363,2025-12-29,None,0.0
PR0364,2025-12-30,None,0.0
PR0365,2025-12-31,None,0.0
